id,title,author,year,genres,readingLevel,pages,themes,mood,description,similarTo
b001,The Hobbit,J.R.R. Tolkien,1937,Fantasy; Adventure,middle-grade,310,quest; courage; friendship; greed; coming of age,"cozy, whimsical, adventurous","A comfort-loving hobbit named Bilbo Baggins is swept into a quest with thirteen dwarves to reclaim a treasure guarded by the dragon Smaug. A gentle doorway into epic fantasy with warmth, riddles, and a reluctant hero who grows braver than he believes.",The Chronicles of Narnia; Eragon
b002,Dune,Frank Herbert,1965,Science Fiction; Political Fiction,advanced,688,power; ecology; religion; destiny; colonialism,"dense, epic, philosophical","On the desert planet Arrakis, young Paul Atreides is drawn into a war over the universe's most valuable substance. A demanding, layered epic about ecology, prophecy, and the machinery of empire that rewards patient readers.",Foundation; Hyperion
b003,Project Hail Mary,Andy Weir,2021,Science Fiction; Thriller,intermediate,476,problem solving; friendship; survival; sacrifice,"funny, propulsive, optimistic","A lone astronaut wakes with amnesia aboard a spacecraft and must solve an extinction-level puzzle using only science and stubbornness. Fast, funny hard science fiction with an unforgettable alien friendship.",The Martian; Contact
b004,Pride and Prejudice,Jane Austen,1813,Classic; Romance,intermediate,432,class; marriage; pride; self knowledge; family,"witty, ironic, romantic",Elizabeth Bennet spars with the aloof Mr. Darcy while her family navigates the marriage market of Regency England. Razor-sharp social comedy whose banter still feels startlingly modern.,Jane Eyre; Emma
b005,The Song of Achilles,Madeline Miller,2011,Historical Fiction; Romance; Mythology,intermediate,378,love; fate; war; grief; glory,"lyrical, tender, devastating",The Trojan War retold through the love between Patroclus and Achilles. Gorgeous prose and an ending that reliably breaks readers open; a perfect entry into Greek myth retellings.,Circe; The Iliad
b006,Circe,Madeline Miller,2018,Historical Fiction; Mythology; Fantasy,intermediate,393,power; womanhood; exile; transformation; mortality,"lush, meditative, quietly fierce","The witch Circe, banished to a lonely island, forges her own power across centuries of gods and mortals. A slower, more introspective companion to The Song of Achilles about becoming yourself on your own terms.",The Song of Achilles; Ariadne
b007,Educated,Tara Westover,2018,Memoir; Nonfiction,intermediate,334,education; family loyalty; abuse; self invention; faith,"tense, clear-eyed, propulsive","Raised by survivalist parents in rural Idaho with no formal schooling, Westover claws her way to a Cambridge PhD. A memoir about what education costs when it separates you from the people who raised you.",The Glass Castle; Hillbilly Elegy
b008,Sapiens: A Brief History of Humankind,Yuval Noah Harari,2011,Nonfiction; History; Science,intermediate,443,evolution; cooperation; myth; capitalism; happiness,"sweeping, provocative, conversational","A 70,000-year tour of how an unremarkable ape came to dominate the planet through shared fictions like money, nations, and religion. Big, argumentative popular history that is easy to read and easy to argue with.","Guns, Germs, and Steel; Homo Deus"
b009,Atomic Habits,James Clear,2018,Nonfiction; Self-Help; Psychology,beginner,320,behavior change; systems; identity; consistency,"practical, brisk, actionable",A concrete system for building good habits and breaking bad ones by shaping environment and identity rather than relying on willpower. Short chapters and checklists make it an easy first nonfiction read.,The Power of Habit; Deep Work
b010,"Thinking, Fast and Slow",Daniel Kahneman,2011,Nonfiction; Psychology; Science,advanced,499,cognitive bias; decision making; risk; intuition,"rigorous, dense, rewarding",The Nobel laureate's account of the two systems driving how we think: fast intuition and slow deliberation. Denser than most pop psychology and worth the effort if you want the primary source rather than the summary.,Predictably Irrational; Nudge
b011,The Name of the Wind,Patrick Rothfuss,2007,Fantasy,intermediate,662,music; magic school; grief; storytelling; revenge,"beautiful prose, immersive, melancholy","Kvothe, an infamous wizard turned innkeeper, narrates his own legend from orphaned street child to arcane university student. Beloved for sentence-level beauty; be warned the series is unfinished.",The Lies of Locke Lamora; A Wizard of Earthsea
b012,Mistborn: The Final Empire,Brandon Sanderson,2006,Fantasy; Heist,intermediate,541,rebellion; trust; class oppression; sacrifice,"propulsive, clever, satisfying","A street thief discovers she can fuel magic by burning metals and joins a crew plotting to overthrow an immortal god-emperor. A heist plot on top of the most satisfying rule-based magic system in modern fantasy, and it actually finishes.",The Name of the Wind; Six of Crows
b013,Six of Crows,Leigh Bardugo,2015,Fantasy; Young Adult; Heist,young-adult,465,found family; trauma; loyalty; cunning,"gritty, sharp, ensemble-driven","Six outcasts attempt an impossible prison break in a canal city of gangs and gambling dens. Rotating viewpoints, banter, and a crew you get attached to fast.",The Lies of Locke Lamora; Mistborn
b014,The Hunger Games,Suzanne Collins,2008,Young Adult; Dystopian; Science Fiction,young-adult,374,survival; spectacle; inequality; propaganda,"urgent, tense, unputdownable",Katniss Everdeen volunteers for a televised death match to save her sister. Lean first-person prose and relentless pacing; the classic gateway out of a reading slump.,Divergent; Battle Royale
b015,1984,George Orwell,1949,Classic; Dystopian; Political Fiction,intermediate,328,surveillance; language; totalitarianism; truth,"bleak, claustrophobic, essential","Winston Smith rewrites history for a Party that controls even the words available to think with. The book that gave us doublethink and Big Brother, and still the sharpest fiction about political language.",Brave New World; Fahrenheit 451
b016,Brave New World,Aldous Huxley,1932,Classic; Dystopian; Science Fiction,intermediate,311,pleasure; conditioning; conformity; technology,"cool, satirical, unsettling",A society engineered for stability medicates away discontent and breeds citizens to order. The counterpart to 1984: control through comfort rather than fear.,1984; We
b017,Klara and the Sun,Kazuo Ishiguro,2021,Literary Fiction; Science Fiction,intermediate,303,love; consciousness; loneliness; faith; obsolescence,"quiet, restrained, aching","An artificial friend observes the family that buys her with devoted, imperfect understanding. Gentle, slow, and quietly heartbreaking science fiction for readers who prefer interiority to action.",Never Let Me Go; Piranesi
b018,Never Let Me Go,Kazuo Ishiguro,2005,Literary Fiction; Science Fiction,intermediate,288,mortality; friendship; acceptance; memory,"melancholy, understated, devastating","Three friends at an isolated English boarding school slowly understand the purpose their lives were designed for. Withholding, elegiac, and quietly one of the saddest novels of the century.",Klara and the Sun; The Remains of the Day
b019,Piranesi,Susanna Clarke,2020,Fantasy; Literary Fiction; Mystery,intermediate,245,memory; wonder; isolation; identity,"dreamlike, gentle, mysterious","A man keeps careful journals of the endless statue-filled halls of the House he believes is the whole world. Short, strange, and deeply kind; best read knowing as little as possible.",The Ocean at the End of the Lane; Klara and the Sun
b020,Gone Girl,Gillian Flynn,2012,Thriller; Mystery,intermediate,415,marriage; media; deception; performance,"nasty, twisty, addictive",A wife vanishes on her fifth anniversary and her husband becomes the prime suspect. Two unreliable narrators and a midpoint twist that redefined the modern domestic thriller.,The Girl on the Train; Sharp Objects
b021,The Silent Patient,Alex Michaelides,2019,Thriller; Mystery; Psychological,beginner,336,silence; obsession; trauma; therapy,"fast, hooky, pulpy",A famous painter shoots her husband and never speaks again; the therapist obsessed with her case narrates the hunt for why. Short chapters and a big final twist make it a one-sitting read.,Gone Girl; The Woman in the Window
b022,And Then There Were None,Agatha Christie,1939,Mystery; Classic; Thriller,beginner,272,guilt; justice; paranoia,"tight, clever, chilling",Ten strangers are lured to an island and killed one by one to the rhythm of a nursery rhyme. The best-selling mystery ever written and a flawless puzzle box that reads in an afternoon.,Murder on the Orient Express; The Guest List
b023,The Martian,Andy Weir,2011,Science Fiction; Thriller,intermediate,369,survival; engineering; humor; rescue,"wisecracking, tense, upbeat","Stranded alone on Mars, astronaut Mark Watney improvises his way toward survival one problem at a time. Duct-tape engineering and gallows humor in log-entry form.",Project Hail Mary; Artemis
b024,A Man Called Ove,Fredrik Backman,2012,Contemporary Fiction; Humor,beginner,337,grief; community; aging; kindness,"warm, funny, tearful","A rigid, rule-obsessed widower plans to end his life until noisy neighbors keep interrupting. Comfort reading that earns its sentiment; funny on one page and wrecking on the next.",The Unlikely Pilgrimage of Harold Fry; Eleanor Oliphant Is Completely Fine
b025,Eleanor Oliphant Is Completely Fine,Gail Honeyman,2017,Contemporary Fiction,beginner,327,loneliness; trauma; friendship; recovery,"wry, tender, hopeful",A socially isolated office worker with a rigid routine slowly builds an unlikely friendship. Very funny narration wrapped around real damage and a gentle recovery.,A Man Called Ove; The Rosie Project
b026,Where the Crawdads Sing,Delia Owens,2018,Contemporary Fiction; Mystery,intermediate,384,isolation; nature; prejudice; survival,"atmospheric, lyrical, nostalgic","A girl abandoned in the North Carolina marsh raises herself, then becomes a murder suspect. Nature writing braided with a courtroom mystery and a slow-burn romance.",Educated; The Great Alone
b027,The Seven Husbands of Evelyn Hugo,Taylor Jenkins Reid,2017,Historical Fiction; Romance; LGBTQ,beginner,389,fame; ambition; queer love; secrets; identity,"glamorous, gossipy, emotional",An aging Hollywood icon finally tells the truth about her seven marriages to an unknown journalist. Old-Hollywood glitter over a genuinely moving queer love story; famously hard to put down.,Daisy Jones and the Six; Malibu Rising
b028,Normal People,Sally Rooney,2018,Literary Fiction; Romance,intermediate,273,class; intimacy; miscommunication; depression,"spare, intimate, uncomfortable","Connell and Marianne circle each other from small-town school to Trinity College, never quite saying the thing that matters. Sparse, dialogue-driven prose about how class and shame distort love.",Conversations with Friends; Call Me by Your Name
b029,Beloved,Toni Morrison,1987,Literary Fiction; Historical Fiction; Classic,advanced,324,slavery; motherhood; memory; haunting; freedom,"difficult, poetic, harrowing","A formerly enslaved woman in Ohio is visited by the embodied ghost of the daughter she killed. Nonlinear, demanding, and one of the essential American novels; go slowly.",The Underground Railroad; Song of Solomon
b030,Crime and Punishment,Fyodor Dostoevsky,1866,Classic; Literary Fiction; Psychological,advanced,671,guilt; morality; poverty; redemption; nihilism,"feverish, philosophical, intense","A destitute student murders a pawnbroker to test his theory that great men are above morality, then unravels. A psychological thriller centuries before the term existed; long but gripping.",The Brothers Karamazov; Notes from Underground
b031,The Midnight Library,Matt Haig,2020,Contemporary Fiction; Fantasy,beginner,304,regret; depression; choices; hope,"gentle, comforting, sentimental","A woman at her lowest point gets to try the lives she might have lived instead. An accessible, hopeful fable about regret; light on prose, heavy on comfort.",The Invisible Life of Addie LaRue; A Man Called Ove
b032,Percy Jackson and the Lightning Thief,Rick Riordan,2005,Middle Grade; Fantasy; Mythology,middle-grade,377,identity; friendship; belonging; prophecy,"funny, fast, breezy",A twelve-year-old discovers he is the son of Poseidon and has ten days to stop a war among the gods. Jokes every page and Greek myth smuggled in painlessly; ideal for reluctant young readers.,Artemis Fowl; The Hobbit
b033,Wonder,R.J. Palacio,2012,Middle Grade; Contemporary Fiction,middle-grade,315,kindness; bullying; difference; empathy; family,"warm, moving, hopeful","Auggie Pullman, born with a facial difference, starts fifth grade at a mainstream school. Short chapters rotating through many narrators; the standard-bearer for teaching empathy to kids.",Out of My Mind; Bridge to Terabithia
b034,Harry Potter and the Sorcerer's Stone,J.K. Rowling,1997,Middle Grade; Fantasy,middle-grade,309,friendship; belonging; courage; destiny,"magical, cozy, inventive",An orphan learns he is a wizard and enters a school of magic hidden from the ordinary world. The most effective gateway to reading ever printed for the 8-12 range.,Percy Jackson and the Lightning Thief; The Hobbit
b035,The Book Thief,Markus Zusak,2005,Historical Fiction; Young Adult,young-adult,552,words; war; death; courage; found family,"poetic, sad, luminous","Narrated by Death, the story of a girl stealing books in Nazi Germany and the Jewish man hidden in her basement. Unusual voice, devastating ending, and a strong bridge from YA to literary fiction.",All the Light We Cannot See; The Diary of a Young Girl
b036,The Fault in Our Stars,John Green,2012,Young Adult; Romance; Contemporary Fiction,young-adult,313,illness; mortality; first love; meaning,"witty, romantic, heartbreaking",Two teenagers meet at a cancer support group and fall in love without illusions. Very quotable dialogue and an ending readers do not recover from quickly.,Eleanor and Park; Five Feet Apart
b037,The Handmaid's Tale,Margaret Atwood,1985,Dystopian; Literary Fiction; Classic,intermediate,311,patriarchy; reproduction; theocracy; resistance; memory,"cold, urgent, precise","In the theocratic Republic of Gilead, Offred is valued only for her fertility. Chilling for how little of it Atwood had to invent, and narrated in fragments that mirror a mind under pressure.",1984; Parable of the Sower
b038,Parable of the Sower,Octavia E. Butler,1993,Science Fiction; Dystopian,intermediate,345,climate collapse; religion; community; empathy; leadership,"harsh, prophetic, hopeful","As climate and economic collapse consume 2020s California, teenage Lauren builds a new faith and a walking community. Alarmingly accurate near-future science fiction with a genuinely new idea about hope.",The Handmaid's Tale; Station Eleven
b039,Station Eleven,Emily St. John Mandel,2014,Literary Fiction; Science Fiction; Post-Apocalyptic,intermediate,333,art; memory; survival; interconnection,"elegiac, beautiful, oddly soothing","A traveling Shakespeare troupe crosses a post-pandemic Great Lakes region, in a story braided across decades. Post-apocalyptic fiction about why art matters rather than about violence.",The Road; Cloud Cuckoo Land
b040,The Road,Cormac McCarthy,2006,Literary Fiction; Post-Apocalyptic,advanced,287,fatherhood; survival; despair; love,"bleak, spare, unforgettable","A father and son push a shopping cart through ash toward the coast in a dead world. Punctuation-light, relentlessly grim, and the purest distillation of parental love in modern fiction.",Blood Meridian; Station Eleven
b041,Born a Crime,Trevor Noah,2016,Memoir; Nonfiction; Humor,beginner,304,apartheid; race; language; mothers; poverty,"hilarious, generous, sharp","The comedian's childhood as a mixed-race boy born illegal under apartheid South Africa, anchored by his formidable mother. Funny enough to read for laughs and serious enough to teach history.",Educated; Between the World and Me
b042,The Immortal Life of Henrietta Lacks,Rebecca Skloot,2010,Nonfiction; Science; Biography,intermediate,381,medical ethics; race; consent; family; science,"investigative, humane, infuriating","The story of the Black woman whose cells were taken without consent and became immortal in labs worldwide, and of the family left behind. Narrative science writing that reads like a novel.",Sapiens; Bad Blood
b043,Designing Data-Intensive Applications,Martin Kleppmann,2017,Nonfiction; Technology; Reference,advanced,616,distributed systems; databases; consistency; tradeoffs,"technical, thorough, career-changing","How storage engines, replication, partitioning, and consensus actually work, with the tradeoffs drawn honestly. The single most recommended book for backend and data engineers.",The Pragmatic Programmer; Database Internals
b044,The Pragmatic Programmer,Andrew Hunt and David Thomas,1999,Nonfiction; Technology,intermediate,352,craft; pragmatism; automation; career,"practical, opinionated, timeless","Short essays on the habits of effective programmers, from DRY code to owning your career. Language-agnostic advice that still holds up decades later.",Clean Code; Designing Data-Intensive Applications
b045,A Wizard of Earthsea,Ursula K. Le Guin,1968,Fantasy; Classic,young-adult,183,names; pride; shadow self; balance,"mythic, restrained, wise","A gifted young wizard's arrogance unleashes a shadow he must spend years learning to face. Short, spare, and quietly profound; the antidote to bloated epic fantasy.",The Name of the Wind; The Hobbit
b046,Kafka on the Shore,Haruki Murakami,2002,Literary Fiction; Magical Realism,advanced,505,fate; dreams; prophecy; loneliness; metaphor,"surreal, hypnotic, unresolved",A runaway teenager and an elderly man who talks to cats move toward each other through a story that refuses to explain itself. Embrace the ambiguity or it will frustrate you.,Norwegian Wood; One Hundred Years of Solitude
b047,One Hundred Years of Solitude,Gabriel Garcia Marquez,1967,Literary Fiction; Magical Realism; Classic,advanced,417,family; time; solitude; history; repetition,"dense, magical, overwhelming","Seven generations of the Buendia family rise and fall in the town of Macondo, where the miraculous is ordinary. Keep the family tree handy; the reward is one of the great novels.",Kafka on the Shore; Love in the Time of Cholera
b048,The House in the Cerulean Sea,TJ Klune,2020,Fantasy; Contemporary Fiction; LGBTQ,beginner,396,found family; prejudice; queer love; bureaucracy; kindness,"cozy, sweet, low-stakes",A by-the-book caseworker is sent to inspect an orphanage of magical children and finds a family instead. Pure comfort fantasy with almost no darkness; the go-to when you need something kind.,Legends and Lattes; The Midnight Library
b049,Legends and Lattes,Travis Baldree,2022,Fantasy; Cozy,beginner,302,second chances; small business; community; retirement,"cozy, gentle, charming",A retired orc barbarian hangs up her sword to open the city's first coffee shop. Low-stakes cozy fantasy about building something instead of destroying it.,The House in the Cerulean Sea; Mistborn
b050,Sharp Objects,Gillian Flynn,2006,Thriller; Mystery; Psychological,intermediate,254,self harm; mothers; small towns; violence,"dark, oppressive, disturbing",A reporter returns to her stifling hometown to cover the murders of two girls and confront her mother. Flynn's nastiest book; heavy content warnings for self harm.,Gone Girl; The Silent Patient
